"year","ISO","CCODE","location","hits_mean","hits_median","hits_max","hits_sd"
2015,"BR",140,"Brazil",30,29,78,14.4480136364559
2016,"BR",140,"Brazil",22.4807692307692,20.5,60,12.249834548087
2017,"BR",140,"Brazil",19.9433962264151,16,100,14.2091724090998
2018,"BR",140,"Brazil",27.0192307692308,25,65,14.4988037161899
2019,"BR",140,"Brazil",19.5384615384615,18,55,11.573230671466
